<metadata xml:lang="en"><Esri><CreaDate>20140421</CreaDate><CreaTime>08170000</CreaTime><SyncOnce>FALSE</SyncOnce><SyncDate>20140421</SyncDate><SyncTime>08515300</SyncTime><ModDate>20140421</ModDate><ModTime>08515300</ModTime><DataProperties><itemProps><itemLocation><linkage Sync="FALSE">withheld</linkage><protocol Sync="TRUE">Local Area Network</protocol></itemLocation><itemName Sync="TRUE">amtrk_sta</itemName><imsContentType Sync="TRUE" export="False">002</imsContentType><nativeExtBox><westBL Sync="TRUE">-124.211990</westBL><eastBL Sync="TRUE">-68.670621</eastBL><southBL Sync="TRUE">25.849848</southBL><northBL Sync="TRUE">50.331532</northBL><exTypeCode Sync="TRUE">1</exTypeCode></nativeExtBox><itemSize Sync="TRUE">0.023</itemSize></itemProps><coordRef><type Sync="TRUE">Geographic</type><geogcsn Sync="TRUE">GCS_WGS_1984</geogcsn><csUnits Sync="TRUE">Angular Unit: Degree (0.017453)</csUnits><peXml Sync="TRUE">&lt;GeographicCoordinateSystem xsi:type='typens:GeographicCoordinateSystem' xmlns:xsi='http://www.w3.org/2001/XMLSchema-instance' xmlns:xs='http://www.w3.org/2001/XMLSchema' xmlns:typens='http://www.esri.com/schemas/ArcGIS/10.1'&gt;&lt;WKT&gt;GEOGCS[&amp;quot;GCS_WGS_1984&amp;quot;,DATUM[&amp;quot;D_WGS_1984&amp;quot;,SPHEROID[&amp;quot;WGS_1984&amp;quot;,6378137.0,298.257223563]],PRIMEM[&amp;quot;Greenwich&amp;quot;,0.0],UNIT[&amp;quot;Degree&amp;quot;,0.0174532925199433],METADATA[&amp;quot;World&amp;quot;,-180.0,-90.0,180.0,90.0,0.0,0.0174532925199433,0.0,1262],AUTHORITY[&amp;quot;EPSG&amp;quot;,4326]]&lt;/WKT&gt;&lt;XOrigin&gt;-400&lt;/XOrigin&gt;&lt;YOrigin&gt;-400&lt;/YOrigin&gt;&lt;XYScale&gt;11258999068426.238&lt;/XYScale&gt;&lt;ZOrigin&gt;-100000&lt;/ZOrigin&gt;&lt;ZScale&gt;10000&lt;/ZScale&gt;&lt;MOrigin&gt;-100000&lt;/MOrigin&gt;&lt;MScale&gt;10000&lt;/MScale&gt;&lt;XYTolerance&gt;8.983152841195215e-009&lt;/XYTolerance&gt;&lt;ZTolerance&gt;0.001&lt;/ZTolerance&gt;&lt;MTolerance&gt;0.001&lt;/MTolerance&gt;&lt;HighPrecision&gt;true&lt;/HighPrecision&gt;&lt;LeftLongitude&gt;-180&lt;/LeftLongitude&gt;&lt;WKID&gt;4326&lt;/WKID&gt;&lt;LatestWKID&gt;4326&lt;/LatestWKID&gt;&lt;/GeographicCoordinateSystem&gt;</peXml></coordRef></DataProperties><ArcGISstyle>ISO 19139 Metadata Implementation Specification</ArcGISstyle><ArcGISProfile>ISO19139</ArcGISProfile><ArcGISFormat>1.0</ArcGISFormat><scaleRange><minScale>150000000</minScale><maxScale>5000</maxScale></scaleRange></Esri><idinfo><native Sync="TRUE">Microsoft Windows XP Version 5.1 (Build 2600) Service Pack 3; ESRI ArcCatalog 9.3.1.4000</native><descript><langdata Sync="TRUE">en</langdata><abstract>Updated database of the Federal Railroad Administration's (FRA) Amtrak Station database. This database is a geographic data set containing Amtrak intercity railroad passenger terminals in the United States and Canada. Attribute data include services and passenger amenities provided at the station.</abstract><purpose>The data set provides an updated version of the location and attribute information for all Amtrak stations in the United States and Canada. This data is used for national and network analysis applications.</purpose></descript><citation><citeinfo><origin>Federal Railroad Administration (FRA)</origin><pubdate>March 2010</pubdate><title>amtrk_sta</title><ftname Sync="TRUE">amtrk_sta</ftname><geoform Sync="TRUE">vector digital data</geoform><onlink>http://www.fra.dot.gov</onlink><pubinfo><pubplace>Washington, DC</pubplace></pubinfo><lworkcit><citeinfo><onlink>http://www.bts.gov/programs/geographic_information_services/</onlink></citeinfo></lworkcit></citeinfo></citation><timeperd><timeinfo><sngdate><caldate>March 2009</caldate></sngdate></timeinfo><current>publication date</current></timeperd><status><progress>Complete</progress><update>As needed</update></status><spdom><bounding><westbc Sync="TRUE">-124.211990</westbc><eastbc Sync="TRUE">-68.670621</eastbc><northbc Sync="TRUE">50.331532</northbc><southbc Sync="TRUE">25.849848</southbc></bounding><lboundng><leftbc Sync="TRUE">-124.211990</leftbc><rightbc Sync="TRUE">-68.670621</rightbc><bottombc Sync="TRUE">25.849848</bottombc><topbc Sync="TRUE">50.331532</topbc></lboundng></spdom><keywords><theme><themekt>Bus</themekt><themekey>Station</themekey></theme><theme><themekey>Amtrak</themekey><themekey>Station</themekey><themekey>Rail</themekey><themekey>Train</themekey></theme><place><placekey>USA</placekey><placekey>Canada</placekey><placekey>United States</placekey></place><temporal><tempkey>2009</tempkey><tempkey>2010</tempkey><tempkey>2011</tempkey></temporal></keywords><accconst>None</accconst><useconst>None. Acknowledgment of the Federal Railroad Administration (FRA) should be cited in products derived from these data.</useconst><natvform Sync="TRUE">Shapefile</natvform><crossref><citeinfo><onlink>http://www.fra.dot.gov/</onlink><origin>Federal Railroad Administration (FRA)</origin><pubdate>2009</pubdate><title>Amtrak Stations</title><pubinfo><pubplace>Washington, DC</pubplace><publish>Federal Railroad Administration (FRA)</publish></pubinfo><lworkcit><citeinfo><onlink>http://www.bts.gov/programs/geographic_information_services/</onlink></citeinfo></lworkcit></citeinfo></crossref><ptcontac><cntinfo><cntaddr><address>1200 New Jersey Avenue S.E.</address><addrtype>mailing and physical address</addrtype><city>Washington</city><state>DC</state><postal>20590</postal><country>USA</country></cntaddr><cntorgp><cntorg>Federal Railroad Administration (FRA)</cntorg></cntorgp><cntpos>GIS - Office of Railroad Policy &amp; Development</cntpos></cntinfo></ptcontac><secinfo><secclass>Unclassified</secclass></secinfo></idinfo><dataIdInfo><envirDesc Sync="TRUE">Microsoft Windows 7 Version 6.1 (Build 7601) Service Pack 1; Esri ArcGIS 10.1.0.3035</envirDesc><dataLang><languageCode Sync="TRUE" value="eng"/><countryCode value="USA" Sync="TRUE"/></dataLang><idCitation><resTitle Sync="FALSE">amtrk_sta v. 10</resTitle><presForm><PresFormCd Sync="TRUE" value="005"/></presForm><resAltTitle>Amtrak Stations</resAltTitle><date><createDate>2014-03-14T00:00:00</createDate></date><citRespParty><rpIndName>Raquel Hunt</rpIndName><rpOrgName>USDOT/FRA</rpOrgName><rpPosName>GIS Program Manager</rpPosName><role><RoleCd value="007"/></role><displayName>Raquel Hunt</displayName></citRespParty><citRespParty><editorSource>external</editorSource><editorDigest>3b25427eb8f33447a79c28a9cb37e40b</editorDigest><rpOrgName>Office of the Assistant Secretary for Research and Technology/Bureau of Transportation Statistics</rpOrgName><rpCntInfo><cntAddress addressType=""><delPoint>1200 New Jersey Ave. SE</delPoint><city>Washington</city><adminArea>DC</adminArea><postCode>20590</postCode><eMailAdd>answers@BTS.gov</eMailAdd></cntAddress><cntPhone><voiceNum tddtty="">202-366-DATA</voiceNum></cntPhone></rpCntInfo><role><RoleCd value="010"/></role><rpIndName>National Transportation Atlas Database (NTAD) 2014</rpIndName><rpPosName>Geospatial Information Systems</rpPosName><displayName>Research and Innovative Technology Administration/Bureau of Transportation Statistics</displayName><editorSave>True</editorSave><displayName>Office of the Assistant Secretary for Research and Technology/Bureau of Transportation Statistics</displayName></citRespParty></idCitation><spatRpType><SpatRepTypCd Sync="TRUE" value="001"/></spatRpType><dataExt><geoEle><GeoBndBox esriExtentType="native"><westBL Sync="TRUE">-124.21199</westBL><eastBL Sync="TRUE">-68.670621</eastBL><northBL Sync="TRUE">50.331532</northBL><southBL Sync="TRUE">25.849848</southBL><exTypeCode Sync="TRUE">1</exTypeCode></GeoBndBox></geoEle></dataExt><geoBox esriExtentType="decdegrees"><westBL Sync="TRUE">-124.21199</westBL><eastBL Sync="TRUE">-68.670621</eastBL><northBL Sync="TRUE">50.331532</northBL><southBL Sync="TRUE">25.849848</southBL><exTypeCode Sync="TRUE">1</exTypeCode></geoBox><dataExt><geoEle><GeoBndBox esriExtentType="search"><exTypeCode Sync="TRUE">1</exTypeCode><westBL Sync="TRUE">-124.211990</westBL><eastBL Sync="TRUE">-68.670621</eastBL><northBL Sync="TRUE">50.331532</northBL><southBL Sync="TRUE">25.849848</southBL></GeoBndBox></geoEle></dataExt><idPurp>The data set provides an updated version of the location and attribute information for all Amtrak stations in the United States and Canada. This data is used for national and network analysis applications.</idPurp><idAbs>&lt;DIV STYLE="text-align:Left;"&gt;&lt;DIV&gt;&lt;DIV&gt;&lt;P&gt;&lt;SPAN&gt;Updated database of the Federal Railroad Administration's (FRA) Amtrak Station database. This database is a geographic data set containing Amtrak intercity railroad passenger terminals in the United States and Canada. Attribute data include services and passenger amenities provided at the station.&lt;/SPAN&gt;&lt;/P&gt;&lt;/DIV&gt;&lt;/DIV&gt;&lt;/DIV&gt;</idAbs><searchKeys><keyword>Station</keyword><keyword>Amtrak</keyword><keyword>Station</keyword><keyword>Rail</keyword><keyword>Train</keyword><keyword>2014</keyword></searchKeys><resConst><Consts><useLimit>&lt;DIV STYLE="text-align:Left;"&gt;&lt;DIV&gt;&lt;DIV&gt;&lt;P&gt;&lt;SPAN&gt;None. Acknowledgment of the Federal Railroad Administration (FRA) should be cited in products derived from these data.&lt;/SPAN&gt;&lt;/P&gt;&lt;/DIV&gt;&lt;/DIV&gt;&lt;/DIV&gt;</useLimit></Consts></resConst><dataChar><CharSetCd value="004"/></dataChar><idStatus><ProgCd value="004"/></idStatus><tempKeys><keyword>2014</keyword></tempKeys><themeKeys><keyword>Passenger Stations</keyword></themeKeys><placeKeys><keyword>U.S</keyword></placeKeys><idPoC><rpIndName>Raquel Hunt</rpIndName><rpOrgName>USDOT/FRA</rpOrgName><rpPosName>GIS Program Manager</rpPosName><role><RoleCd value="007"/></role></idPoC><resMaint><maintFreq><MaintFreqCd value="009"/></maintFreq><maintCont><rpIndName>Raquel Hunt</rpIndName><rpOrgName>USDOT/FRA</rpOrgName><rpPosName>GIS Program Manager</rpPosName><role><RoleCd value="007"/></role><displayName>Raquel Hunt</displayName><displayName>Raquel Hunt</displayName></maintCont></resMaint><tpCat><TopicCatCd value="018"/></tpCat></dataIdInfo><metainfo><langmeta Sync="TRUE">en</langmeta><metstdn Sync="TRUE">FGDC Content Standards for Digital Geospatial Metadata</metstdn><metstdv Sync="TRUE">FGDC-STD-001-1998</metstdv><mettc Sync="TRUE">local time</mettc><metc><cntinfo><cntorgp><cntorg>Federal Railroad Administration (FRA)</cntorg></cntorgp><cntaddr><addrtype>mailing and physical address</addrtype><city>Washington </city><state>DC</state><postal>20590</postal><address>1200 New Jersey Avenue S.E.</address><country>USA</country></cntaddr><cntvoice>REQUIRED: The telephone number by which individuals can speak to the organization or individual.</cntvoice></cntinfo></metc><metd Sync="TRUE">20110428</metd></metainfo><mdLang><languageCode Sync="TRUE" value="eng"/><countryCode value="USA" Sync="TRUE"/></mdLang><mdStanName>ArcGIS Metadata</mdStanName><mdStanVer>1.0</mdStanVer><mdChar><CharSetCd Sync="TRUE" value="004"/></mdChar><mdHrLv><ScopeCd Sync="TRUE" value="005"/></mdHrLv><mdHrLvName Sync="TRUE">dataset</mdHrLvName><distinfo><resdesc Sync="TRUE">Downloadable Data</resdesc><stdorder><digform><digtinfo><transize Sync="TRUE">0.024</transize><dssize Sync="TRUE">0.024</dssize><formname>ESRI Shapefile</formname><formvern>2011</formvern><filedec>no compression applied</filedec></digtinfo><digtopt><onlinopt><accinstr>NTAD is available for download at www.bts.gov/programs/geographic_information_services.  The NTAD DVD can also be ordered from the online bookstore at www.bts.gov.</accinstr></onlinopt></digtopt></digform><ordering>Call 202-366-DATA, or E-mail (answers@bts.gov) RITA/BTS to request the National Transportation Atlas Databases (NTAD) 2011 DVD.  This and other RITA/BTS products may be ordered from the RITA/BTS Internet website http://www.bts.gov/programs/geographic_information_services/.</ordering></stdorder><availabl><timeinfo><sngdate><caldate>2011</caldate></sngdate></timeinfo></availabl><distrib><cntinfo><cntperp><cntper>Office of Geospatial Information Systems</cntper><cntorg>Research and Innovative Technology Administration's Bureau of Transportation Statistics (RITA/BTS)</cntorg></cntperp><cntaddr><addrtype>mailing and physical address</addrtype><address>1200 New Jersey Ave. S.E.</address><city>Washington</city><state>DC</state><postal>20590</postal><country>USA</country></cntaddr><cntvoice>202-366-DATA</cntvoice><cntemail>answers@bts.gov</cntemail></cntinfo></distrib><distliab>None</distliab><techpreq>Software that can process GIS files.</techpreq></distinfo><distInfo><distributor><distorTran><transSize Sync="TRUE">0.024</transSize><offLineMed><medName><MedNameCd value="002"/></medName><medFormat><MedFormCd value="004"/></medFormat><medDensity>650</medDensity><medDenUnits>megabytes</medDenUnits></offLineMed></distorTran><distorFormat><formatName Sync="TRUE">Shapefile</formatName><formatVer>2013</formatVer></distorFormat><distorOrdPrc><ordInstr>Call (202-366-DATA), or E-mail (answers@bts.gov) BTS to request the National Transportation Atlas Databases (NTAD) 2014 DVD. The NTAD DVD can be ordered from the online bookstore at www.bts.gov. Individual datasets from the NTAD can also be downloaded from the Office of Geospatial Information Systems website at http://www.bts.gov/programs/geographic_information_services/</ordInstr></distorOrdPrc><distorCont><editorSource>external</editorSource><editorDigest>3b25427eb8f33447a79c28a9cb37e40b</editorDigest><rpOrgName>Office of the Assistant Secretary for Research and Technology/Bureau of Transportation Statistics</rpOrgName><rpCntInfo><cntAddress addressType=""><delPoint>1200 New Jersey Ave. SE</delPoint><city>Washington</city><adminArea>DC</adminArea><postCode>20590</postCode><eMailAdd>answers@BTS.gov</eMailAdd></cntAddress><cntPhone><voiceNum tddtty="">202-366-DATA</voiceNum></cntPhone></rpCntInfo><role><RoleCd value="010"/></role><rpIndName>National Transportation Atlas Database (NTAD) 2014</rpIndName><rpPosName>Geospatial Information Systems</rpPosName><displayName>Research and Innovative Technology Administration/Bureau of Transportation Statistics</displayName><editorSave>True</editorSave><displayName>Office of the Assistant Secretary for Research and Technology/Bureau of Transportation Statistics</displayName></distorCont></distributor><distFormat><formatName Sync="TRUE">Shapefile</formatName><formatVer>2014</formatVer></distFormat><distTranOps><transSize Sync="TRUE">0.023</transSize><onLineSrc><linkage>http://www.bts.gov/programs/geographic_information_services/</linkage></onLineSrc></distTranOps></distInfo><spdoinfo><direct Sync="TRUE">Vector</direct><ptvctinf><esriterm Name="amtrk_sta"><efeatyp Sync="TRUE">Simple</efeatyp><efeageom code="1" Sync="TRUE"></efeageom><esritopo Sync="TRUE">FALSE</esritopo><efeacnt Sync="TRUE">867</efeacnt><spindex Sync="TRUE">TRUE</spindex><linrefer Sync="TRUE">FALSE</linrefer></esriterm></ptvctinf></spdoinfo><spref><horizsys><cordsysn><geogcsn Sync="TRUE">GCS_WGS_1984</geogcsn></cordsysn><geograph><geogunit Sync="TRUE">Decimal degrees</geogunit><latres Sync="TRUE">0.000000</latres><longres Sync="TRUE">0.000000</longres></geograph><geodetic><horizdn Sync="TRUE">D_WGS_1984</horizdn><ellips Sync="TRUE">WGS_1984</ellips><semiaxis Sync="TRUE">6378137.000000</semiaxis><denflat Sync="TRUE">298.257224</denflat></geodetic></horizsys></spref><refSysInfo><RefSystem dimension=""><refSysID><identCode Sync="TRUE" value="4326" code="4326">GCS_WGS_1984</identCode><idCodeSpace Sync="TRUE">EPSG</idCodeSpace><idVersion Sync="TRUE">7.9.4</idVersion></refSysID></RefSystem></refSysInfo><spatRepInfo><VectSpatRep><geometObjs Name="amtrk_sta"><geoObjTyp><GeoObjTypCd value="004" Sync="TRUE"></GeoObjTypCd></geoObjTyp><geoObjCnt Sync="TRUE">867</geoObjCnt></geometObjs><topLvl><TopoLevCd value="001" Sync="TRUE"></TopoLevCd></topLvl></VectSpatRep></spatRepInfo><eainfo><detailed Name="amtrk_sta"><enttyp><enttypl>Amtrak Stations</enttypl><enttypt Sync="TRUE">Feature Class</enttypt><enttypc Sync="TRUE">867</enttypc><enttypds>Federal Railroad Administration (FRA)</enttypds><enttypd>Shapefile</enttypd></enttyp><attr><attrlabl Sync="TRUE">FID</attrlabl><attalias Sync="TRUE">FID</attalias><attrtype Sync="TRUE">OID</attrtype><attwidth Sync="TRUE">4</attwidth><atprecis Sync="TRUE">0</atprecis><attscale Sync="TRUE">0</attscale><attrdef Sync="TRUE">Internal feature number.</attrdef><attrdefs Sync="TRUE">Esri</attrdefs><attrdomv><udom Sync="TRUE">Sequential unique whole numbers that are automatically generated.</udom></attrdomv><attrmfrq>009</attrmfrq></attr><attr><attrlabl Sync="TRUE">Shape</attrlabl><attalias Sync="TRUE">Shape</attalias><attrtype Sync="TRUE">Geometry</attrtype><attwidth Sync="TRUE">0</attwidth><atprecis Sync="TRUE">0</atprecis><attscale Sync="TRUE">0</attscale><attrdef Sync="TRUE">Feature geometry.</attrdef><attrdefs Sync="TRUE">ESRI</attrdefs><attrdomv><udom Sync="TRUE">Coordinates defining the features.</udom></attrdomv></attr><attr><attrlabl Sync="TRUE">STNCODE</attrlabl><attalias Sync="TRUE">STNCODE</attalias><attrtype Sync="TRUE">String</attrtype><attwidth Sync="TRUE">10</attwidth><attrdef>Unique Station Code</attrdef><attrdomv><udom>Character Value</udom></attrdomv><attrdefs>Antrak</attrdefs><atprecis Sync="TRUE">0</atprecis><attscale Sync="TRUE">0</attscale><attrmfrq>009</attrmfrq></attr><attr><attrlabl Sync="TRUE">STNNAME</attrlabl><attalias Sync="TRUE">STNNAME</attalias><attrtype Sync="TRUE">String</attrtype><attwidth Sync="TRUE">50</attwidth><attrdomv><udom>Character Value</udom></attrdomv><attrdef>City and State of the station</attrdef><attrdefs>FRA</attrdefs><atprecis Sync="TRUE">0</atprecis><attscale Sync="TRUE">0</attscale><attrmfrq>008</attrmfrq></attr><attr><attrlabl Sync="TRUE">ADDRESS1</attrlabl><attalias Sync="TRUE">ADDRESS1</attalias><attrtype Sync="FALSE">CharacterString</attrtype><attwidth Sync="TRUE">50</attwidth><attrdomv><udom>Character String</udom></attrdomv><attrdef>Street address of the station</attrdef><attrdefs>Amtrak</attrdefs><atprecis Sync="TRUE">0</atprecis><attscale Sync="TRUE">0</attscale><attrmfrq>009</attrmfrq><attrdomv><udom>There are unique names for the streets.</udom></attrdomv></attr><attr><attrlabl Sync="TRUE">ADDRESS2</attrlabl><attalias Sync="TRUE">ADDRESS2</attalias><attrtype Sync="TRUE">String</attrtype><attwidth Sync="TRUE">50</attwidth><attrdomv><udom>Character Value</udom></attrdomv><attrdef>Street address of the station, if applicable</attrdef><attrdefs>Amtrak</attrdefs><attrdomv><udom>Character Value</udom></attrdomv><atprecis Sync="TRUE">0</atprecis><attscale Sync="TRUE">0</attscale></attr><attr><attrlabl Sync="TRUE">CITY</attrlabl><attalias Sync="TRUE">CITY</attalias><attrtype Sync="FALSE">Text</attrtype><attwidth Sync="TRUE">26</attwidth><attrdomv><udom>Character Value</udom></attrdomv><attrdef>Name of the city the station is located in</attrdef><attrdefs>Amtrak</attrdefs><atprecis Sync="TRUE">0</atprecis><attscale Sync="TRUE">0</attscale></attr><attr><attrlabl Sync="TRUE">STATE</attrlabl><attalias Sync="TRUE">STATE</attalias><attrtype Sync="TRUE">String</attrtype><attwidth Sync="TRUE">5</attwidth><attrdomv><udom>Character Value</udom></attrdomv><attrdef>State abbreviation which follows the postal abbreviation</attrdef><attrdefs>Amtrak</attrdefs><atprecis Sync="TRUE">0</atprecis><attscale Sync="TRUE">0</attscale></attr><attr><attrlabl Sync="TRUE">ZIP</attrlabl><attalias Sync="TRUE">ZIP</attalias><attrtype Sync="TRUE">String</attrtype><attwidth Sync="TRUE">10</attwidth><attrdomv><udom>Character Value</udom></attrdomv><attrdef>Postal ZIP code for location of station</attrdef><attrdefs>Amtrak</attrdefs><atprecis Sync="TRUE">0</atprecis><attscale Sync="TRUE">0</attscale></attr><attr><attrlabl Sync="TRUE">STNTYPE</attrlabl><attalias Sync="TRUE">STNTYPE</attalias><attrtype Sync="TRUE">String</attrtype><attwidth Sync="TRUE">10</attwidth><attrdef>Type of station</attrdef><attrdefs>Amtrak</attrdefs><atprecis Sync="TRUE">0</atprecis><attscale Sync="TRUE">0</attscale><attrdomv><codesetd><codesetn>BUS</codesetn><codesets>FRA</codesets></codesetd></attrdomv><attrdomv><codesetd><codesetn>FERRY</codesetn><codesets>FRA</codesets></codesetd></attrdomv><attrdomv><codesetd><codesetn>OTHER</codesetn><codesets>FRA</codesets></codesetd></attrdomv><attrdomv><codesetd><codesetn>RAIL</codesetn><codesets>FRA</codesets></codesetd></attrdomv></attr><attr><attrlabl Sync="TRUE">STFIPS</attrlabl><attalias Sync="TRUE">STFIPS</attalias><attrtype Sync="TRUE">String</attrtype><attwidth Sync="TRUE">2</attwidth><attrdef>Federal Information Processing Standard (FIPS) State Code</attrdef><attrdefs>National Institute of Standards and Technology (NIST)</attrdefs><attrdomv><codesetd><codesetn>Federal Information Processing Standard (FIPS) State Code</codesetn><codesets>National Institute of Standards and Technology (NIST)</codesets></codesetd></attrdomv><atprecis Sync="TRUE">0</atprecis><attscale Sync="TRUE">0</attscale><attrmfrq>009</attrmfrq></attr></detailed></eainfo><mdDateSt Sync="TRUE">20140421</mdDateSt><dataqual><lineage><procstep><procdesc>FRA's Amtrak Database was copied and the attributes for each station was compared with the Amtrak webiste. If there were any dissimilarities, the attribute table was changed. If an address of a station changed, the location of the station was observed to determine if the point had to be moved. If a station location had to be moved, it was done manually. Newly added stations were first but into a seperate shapefile (a shapefile for each geographic ragion) and were added manually by cross-referencing their location with road atlases. Then the shapefiles were added to the database. </procdesc><date Sync="TRUE">20080610</date><time Sync="TRUE">13171700</time><proccont><cntinfo><cntaddr><address>1200 New Jersey Avenue S.E. </address><addrtype>mailing and physical address</addrtype><city>Washington</city><state>DC</state><postal>20590</postal><country>USA</country></cntaddr><cntorgp><cntorg>Federal Railroad Administration (FRA)</cntorg></cntorgp><cntpos>GIS-Office of Railroad Policy &amp; Devlopment</cntpos></cntinfo></proccont><procdate>March 2009</procdate></procstep><srcinfo><srccite><citeinfo><onlink>http://www.bts.gov/programs/geographic_information_services/</onlink><lworkcit><citeinfo><onlink>http://www.bts.gov/programs/geographic_information_services/</onlink></citeinfo></lworkcit></citeinfo></srccite></srcinfo></lineage><logic>All points records are represented by a single coordinate pair and a unique feature identifier; the Amtrak Station Code (stored in the STNCODE field). Attribute data can be matched to specific point records using this identifier.</logic><complete>The database contains all the Amtrak thruway bus and rail stations from the Amtrak website and Timetables in the US and Canada as of March 2009. As new stations are formed or if they move, this database should be updated accordingly.</complete></dataqual><mdMaint><maintFreq><MaintFreqCd value="009"/></maintFreq><maintCont><rpIndName>Raquel Hunt</rpIndName><rpOrgName>USDOT/FRA</rpOrgName><rpPosName>GIS Program Manager</rpPosName><role><RoleCd value="007"/></role><displayName>Raquel Hunt</displayName><displayName>Raquel Hunt</displayName></maintCont></mdMaint><dqInfo><dqScope><scpLvl><ScopeCd value="009"/></scpLvl><scpLvlDesc><attribSet>All attributes were obtain from the Amtrak website</attribSet></scpLvlDesc></dqScope></dqInfo><mdContact><rpIndName>Raquel Hunt</rpIndName><rpOrgName>USDOT/FRA</rpOrgName><rpPosName>GIS Program Manager</rpPosName><role><RoleCd value="007"/></role><displayName>Raquel Hunt</displayName><displayName>Raquel Hunt</displayName></mdContact><mdContact><editorSource>external</editorSource><editorDigest>3b25427eb8f33447a79c28a9cb37e40b</editorDigest><rpOrgName>Office of the Assistant Secretary for Research and Technology/Bureau of Transportation Statistics</rpOrgName><rpCntInfo><cntAddress addressType=""><delPoint>1200 New Jersey Ave. SE</delPoint><city>Washington</city><adminArea>DC</adminArea><postCode>20590</postCode><eMailAdd>answers@BTS.gov</eMailAdd></cntAddress><cntPhone><voiceNum tddtty="">202-366-DATA</voiceNum></cntPhone></rpCntInfo><role><RoleCd value="010"/></role><rpIndName>National Transportation Atlas Database (NTAD) 2014</rpIndName><rpPosName>Geospatial Information Systems</rpPosName><displayName>Research and Innovative Technology Administration/Bureau of Transportation Statistics</displayName><editorSave>True</editorSave><displayName>Office of the Assistant Secretary for Research and Technology/Bureau of Transportation Statistics</displayName></mdContact></metadata>
